channel,context_length,model_variant,true_positives,false_positives,false_negatives,precision,recall,f1
CH1,48,timegpt_stream,74,1035,0,0.06672678088367899,1.0,0.12510566356720204
CH2,48,timegpt_stream,63,1023,0,0.058011049723756904,1.0,0.10966057441253263
CH3,48,timegpt_stream,25,1323,0,0.018545994065281898,1.0,0.03641660597232338
CH5,48,timegpt_stream,1,2,0,0.3333333333333333,1.0,0.5
CH6,48,timegpt_stream,33,94,0,0.25984251968503935,1.0,0.4125
CH7,48,timegpt_stream,1,3,0,0.25,1.0,0.4
CH8,48,timegpt_stream,24,457,0,0.0498960498960499,1.0,0.09504950495049505
CH9,48,timegpt_stream,11,280,0,0.037800687285223365,1.0,0.07284768211920528
