channel,context_length,model_variant,true_positives,false_positives,false_negatives,precision,recall,f1
CH1,48,timegpt_stream,74,955,0,0.07191448007774538,1.0,0.1341795104261106
CH2,48,timegpt_stream,64,948,0,0.06324110671936758,1.0,0.11895910780669143
CH3,48,timegpt_stream,25,1140,0,0.02145922746781116,1.0,0.04201680672268908
CH5,48,timegpt_stream,1,2,0,0.3333333333333333,1.0,0.5
CH6,48,timegpt_stream,33,81,0,0.2894736842105263,1.0,0.4489795918367347
CH7,48,timegpt_stream,1,2,0,0.3333333333333333,1.0,0.5
CH8,48,timegpt_stream,24,439,0,0.05183585313174946,1.0,0.09856262833675564
CH9,48,timegpt_stream,11,267,0,0.039568345323741004,1.0,0.07612456747404844
